Model,RMSFE,MAPE,AIC,BIC,Parameters
"ARIMA(2, 1, 0)",0.6988820013191562,30.330963494460867,-799.834101684409,-791.705511080472,"p=2, d=1, q=0"
