Model,RMSFE,MAPE,AIC,BIC,Parameters
"ARIMA(2, 1, 0)",0.0943077601964971,13.304993303559085,-1244.481186068494,-1236.352595464557,"p=2, d=1, q=0"
