Metric,Value
R2 Score,0.10323103092740715
RMSE,0.11122733185954913
MAE,0.09276704806099692
MAPE (%),15.796765321106014
