Model,Alpha,L1_Ratio,R-squared,RMSE,RMSFE,MAE,MAPE (%),Target_Variable
ElasticNet_Optimized,0.01,1.0,0.1900117686860825,2.497984614102444,2.497984614102444,2.218401132284952,186.91609043711753,CPI
