Metric,Value
R2 Score,0.10287777526633257
RMSE,0.11124923706440829
MAE,0.09277294648353472
MAPE (%),15.79951161808612
