Metric,Value
R2 Score,0.10375613019808472
RMSE,0.11119476274469638
MAE,0.09274817367089534
MAPE (%),15.793008172723466
