Split,RMSFE,MAPE
Train,0.03097040868140003,12.925027871629148
Test,0.11440053265018177,16.085693244566958
