Split,RMSFE,MAPE
Train,0.03996553083659145,17.863598772290587
Test,0.12056803393858097,18.01868238319886
