Model,Lag_Order,R-squared,RMSE,RMSFE,MAE,MAPE (%),Target_Variable
VAR,2,0.21534492933569183,2.4586108704350305,2.4586108704350305,2.1532994357902173,83.07284703382659,CPI
