Metric,Value
R2 Score,0.19241263893313565
RMSE,0.10555188418203301
MAE,0.07126006866090266
MAPE (%),14.066903193658586
Optimal Lag,3.0
